﻿{"General":{"OutputFile":"C:\\Users\\support.auh\\Documents\\visual studio 2015\\Projects\\AKU-VRS Setup\\AKU-VRS Setup\\bin\\Debug\\ILMerge\\AKU-VRS Setup.exe","TargetPlatform":"v4,C:\\Windows\\Microsoft.NET\\Framework\\v4.0.30319","KeyFile":null,"AlternativeILMergePath":null,"InputAssemblies":["C:\\Users\\support.auh\\Documents\\visual studio 2015\\Projects\\AKU-VRS Setup\\AKU-VRS Setup\\bin\\Debug\\AKU-VRS Setup.exe","C:\\Users\\support.auh\\Documents\\visual studio 2015\\Projects\\AKU-VRS Setup\\AKU-VRS Setup\\DBAccessUtility.dll","C:\\Users\\support.auh\\Documents\\visual studio 2015\\Projects\\AKU-VRS Setup\\packages\\ILMerge.MSBuild.Task.1.0.7\\tools\\ILMerge.MsBuild.Task.dll","C:\\Users\\support.auh\\Documents\\visual studio 2015\\Projects\\AKU-VRS Setup\\packages\\JWT.10.1.1\\lib\\net40\\JWT.dll","C:\\Users\\support.auh\\Documents\\visual studio 2015\\Projects\\AKU-VRS Setup\\packages\\log4net.2.0.15\\lib\\net45\\log4net.dll","C:\\Users\\support.auh\\Documents\\visual studio 2015\\Projects\\AKU-VRS Setup\\AKU-VRS Setup\\AppFiles\\Newtonsoft.Json.dll","C:\\Users\\support.auh\\Documents\\visual studio 2015\\Projects\\AKU-VRS Setup\\packages\\RestSharp.106.5.4\\lib\\net452\\RestSharp.dll","C:\\Users\\support.auh\\Documents\\visual studio 2015\\Projects\\AKU-VRS Setup\\packages\\System.Net.Http.2.0.20126.16343\\lib\\net40\\System.Net.Http.dll","C:\\Users\\support.auh\\Documents\\visual studio 2015\\Projects\\AKU-VRS Setup\\packages\\System.Net.Http.Formatting.Extension.5.2.3.0\\lib\\System.Net.Http.Extensions.dll","C:\\Users\\support.auh\\Documents\\visual studio 2015\\Projects\\AKU-VRS Setup\\packages\\System.Net.Http.Formatting.Extension.5.2.3.0\\lib\\System.Net.Http.Formatting.dll","C:\\Users\\support.auh\\Documents\\visual studio 2015\\Projects\\AKU-VRS Setup\\packages\\System.Net.Http.Formatting.Extension.5.2.3.0\\lib\\System.Net.Http.Primitives.dll","C:\\Users\\support.auh\\Documents\\visual studio 2015\\Projects\\AKU-VRS Setup\\packages\\System.Net.Http.2.0.20126.16343\\lib\\net40\\System.Net.Http.WebRequest.dll"]},"Advanced":{"AllowMultipleAssemblyLevelAttributes":false,"AllowWildCards":false,"AllowZeroPeKind":false,"AttributeFile":null,"Closed":false,"CopyAttributes":true,"DebugInfo":true,"DelaySign":false,"DeleteCopiesOverwriteTarget":false,"ExcludeFile":"","FileAlignment":512,"Internalize":false,"Log":false,"LogFile":null,"PublicKeyTokens":true,"TargetKind":null,"UnionMerge":false,"Version":null,"XmlDocumentation":false,"AllowDuplicateType":null,"SearchDirectories":["C:\\Program Files (x86)\\Reference Assemblies\\Microsoft\\Framework\\.NETFramework\\v4.6.1\\","C:\\Program Files (x86)\\Reference Assemblies\\Microsoft\\Framework\\.NETFramework\\v4.6.1\\Facades\\","C:\\Users\\support.auh\\Documents\\visual studio 2015\\Projects\\AKU-VRS Setup\\AKU-VRS Setup\\bin\\Debug\\"]}}